{
  "GA": {
    "best_score": 12.56658799731246,
    "best_params": {
      "nugget": 0.0,
      "range": 3254.3220009405272,
      "sill": 1110.735839687331,
      "score": 12.56658799731246
    },
    "runtime": 17.002445220947266
  },
  "PSO": {
    "best_score": 12.566319302016261,
    "best_params": {
      "nugget": 0.0,
      "range": 3254.4676288130986,
      "sill": 724.8185184690462,
      "score": 12.566319302016261
    },
    "runtime": 11.166524887084961
  },
  "ACO": {
    "best_score": 12.793437307129327,
    "best_params": {
      "nugget": 0.0,
      "range": 3224.0460249120656,
      "sill": 215.78007594618066,
      "score": 12.793437307129327
    },
    "runtime": 28.88367486000061
  },
  "DE": {
    "best_score": 12.566319302016487,
    "best_params": {
      "nugget": 0.0,
      "range": 3254.467628813202,
      "sill": 1343.4079035475067,
      "score": 12.566319302016487
    },
    "runtime": 34.26832628250122
  },
  "Bayesian": {
    "best_score": 22.41870264840976,
    "best_params": {
      "nugget": 58.351922157145516,
      "range": 2866.1325927942694,
      "sill": 1533.1742238281258,
      "score": 22.41870264840976
    },
    "runtime": 25.696815490722656
  }
}