{
  "GA": {
    "best_score": 24.612279156544457,
    "best_params": {
      "nugget": 197.20177620506115,
      "range": 1257.714921064347,
      "sill": 1367.0769628370783,
      "score": 24.612279156544457
    },
    "runtime": 12.581733226776123
  },
  "PSO": {
    "best_score": 21.547582789097945,
    "best_params": {
      "nugget": 0.0,
      "range": 1671.3874592933928,
      "sill": 1096.3432959400632,
      "score": 21.547582789097945
    },
    "runtime": 8.217476844787598
  },
  "ACO": {
    "best_score": 29.252576637473812,
    "best_params": {
      "nugget": 363.41907527777795,
      "range": 5015.216780419481,
      "sill": 545.128612916667,
      "score": 29.252576637473812
    },
    "runtime": 19.951754331588745
  },
  "DE": {
    "best_score": 18.101995635226007,
    "best_params": {
      "nugget": 5.866587687330218,
      "range": 3920.4635470080557,
      "sill": 1533.1742238281258,
      "score": 18.101995635226007
    },
    "runtime": 23.134929895401
  },
  "Bayesian": {
    "best_score": 26.189430306432698,
    "best_params": {
      "nugget": 0.0,
      "range": 2581.394725420422,
      "sill": 204.6142955891018,
      "score": 26.189430306432698
    },
    "runtime": 17.434167623519897
  }
}