X,Y,Z,Z_subsided,Subsidence
100,200,0,-42.84070347052708,42.84070347052708
110,210,1,-41.852763435625604,42.852763435625604
120,220,2,-40.84070347052708,42.84070347052708
