X,Y,Z,Z_subsided,Subsidence
100,200,30,-5.982132316334543,35.98213231633454
110,210,31,-4.994469606231455,35.994469606231455
120,220,32,-3.9821323163345426,35.98213231633454
