X,Y,Z,Z_subsided,Subsidence
100,200,60,32.88302652388049,27.11697347611951
110,210,61,33.871486237859926,27.128513762140077
120,220,62,34.88302652388049,27.11697347611951
